select * from persona;

INSERT INTO Persona (nombre, apellido1, apellido2, empleado, telefono, email) VALUES
('Juan', 'Pérez', 'Gómez', TRUE, '600123456', 'juan.perez@email.com'),
('Ana', 'González', 'López', TRUE, '600234567', 'ana.gonzalez@email.com'),
('Luis', 'Martínez', 'Sánchez', FALSE, '600345678', 'luis.martinez@email.com'),
('María', 'Rodríguez', 'Fernández', TRUE, '600456789', 'maria.rodriguez@email.com'),
('Pedro', 'López', 'Torres', TRUE, '600567890', 'pedro.lopez@email.com'),
('Laura', 'Sánchez', 'Pérez', FALSE, '600678901', 'laura.sanchez@email.com'),
('Carlos', 'García', 'Martín', TRUE, '600789012', 'carlos.garcia@email.com'),
('Marta', 'Álvarez', 'Díaz', TRUE, '600890123', 'marta.alvarez@email.com'),
('José', 'Fernández', 'Jiménez', TRUE, '600901234', 'jose.fernandez@email.com'),
('Elena', 'Ramírez', 'González', FALSE, '600012345', 'elena.ramirez@email.com'),
('David', 'Hernández', 'Moreno', TRUE, '600123457', 'david.hernandez@email.com'),
('Raquel', 'Ruiz', 'Vargas', TRUE, '600234568', 'raquel.ruiz@email.com'),
('Iván', 'Jiménez', 'Muñoz', FALSE, '600345679', 'ivan.jimenez@email.com'),
('Sofia', 'González', 'Torres', TRUE, '600456780', 'sofia.gonzalez@email.com'),
('Ricardo', 'Martín', 'Ríos', TRUE, '600567891', 'ricardo.martin@email.com'),
('Carmen', 'Díaz', 'López', FALSE, '600678902', 'carmen.diaz@email.com'),
('Francisco', 'Sánchez', 'Paredes', TRUE, '600789023', 'francisco.sanchez@email.com'),
('Beatriz', 'Torres', 'González', TRUE, '600890134', 'beatriz.torres@email.com'),
('Antonio', 'Vázquez', 'Alonso', FALSE, '600901245', 'antonio.vazquez@email.com'),
('Isabel', 'Ramírez', 'Morales', TRUE, '600012346', 'isabel.ramirez@email.com');

INSERT INTO Categoria (categoria) VALUES
('Tecnología'),
('Ciencias Sociales'),
('Matemáticas'),
('Física'),
('Química'),
('Biología'),
('Historia'),
('Geografía'),
('Arte'),
('Música'),
('Lengua y Literatura'),
('Economía'),
('Psicología'),
('Filosofía'),
('Deportes'),
('Arquitectura'),
('Ciencias de la Computación'),
('Medicina'),
('Educación'),
('Derecho');

INSERT INTO Competencia (competencia, categoriaId) VALUES
('Programación en Java', 1),
('Investigación Histórica', 7),
('Cálculo Diferencial', 3),
('Mecánica Cuántica', 4),
('Laboratorio Químico', 5),
('Genética Molecular', 6),
('Análisis Económico', 12),
('Psicología Cognitiva', 13),
('Teoría de la Música', 10),
('Teoría Literaria', 11),
('Ciencias Ambientales', 6),
('Física Experimental', 4),
('Lógica Matemática', 3),
('Cultura Contemporánea', 7),
('Redes de Computadoras', 1),
('Arquitectura Moderna', 16),
('Deportes en Equipo', 15),
('Derecho Penal', 20),
('Educación Infantil', 19),
('Estrategia Empresarial', 12);

INSERT INTO CompetenciaEmpleado (empleadoId, competenciaId, obtencion, verificado) VALUES
(1, 1, 'Obtenido a través de curso online', TRUE),
(2, 2, 'Obtenido durante estudios universitarios', TRUE),
(3, 3, 'Obtenido durante trabajos en investigación', FALSE),
(4, 4, 'Obtenido a través de un posgrado', TRUE),
(5, 5, 'Obtenido en un laboratorio de investigación', FALSE),
(6, 6, 'Obtenido en curso especializado', TRUE),
(7, 7, 'Obtenido a través de investigaciones de campo', TRUE),
(8, 8, 'Obtenido en investigación universitaria', TRUE),
(9, 9, 'Obtenido como parte del grado', FALSE),
(10, 10, 'Obtenido en talleres de literatura', TRUE),
(11, 11, 'Obtenido a través de prácticas en empresa', TRUE),
(12, 12, 'Obtenido en prácticas educativas', FALSE),
(13, 13, 'Obtenido en investigación académica', TRUE),
(14, 14, 'Obtenido en diplomado en cultura', TRUE),
(15, 15, 'Obtenido a través de la práctica deportiva', FALSE),
(16, 16, 'Obtenido en curso especializado en redes', TRUE),
(17, 17, 'Obtenido durante estudios universitarios', TRUE),
(18, 18, 'Obtenido a través de investigaciones en derecho', TRUE),
(19, 19, 'Obtenido en prácticas en educación infantil', TRUE),
(20, 20, 'Obtenido en un seminario de derecho', FALSE);

INSERT INTO Problema (problema, descripcion, competenciaId) VALUES
('Falta de conocimientos en programación', 'El empleado necesita mejorar sus habilidades en programación en Java para completar tareas de desarrollo', 1),
('Falta de fuentes históricas', 'El empleado requiere más fuentes documentales para su investigación histórica', 2),
('Dificultades con integración de conceptos matemáticos', 'El empleado tiene problemas para integrar conceptos de cálculo en su investigación', 3),
('Confusión con conceptos cuánticos', 'El empleado necesita aclarar algunos conceptos básicos de mecánica cuántica', 4),
('Falta de práctica en técnicas de laboratorio', 'El empleado necesita mejorar sus habilidades prácticas en laboratorio', 5),
('Desconocimiento de técnicas de genética', 'El empleado necesita un curso avanzado en genética molecular', 6),
('Dificultades con teoría económica avanzada', 'El empleado requiere mejorar su comprensión de la teoría económica avanzada', 7),
('Falta de comprensión en psicología cognitiva', 'El empleado debe actualizarse sobre teorías cognitivas en psicología', 8),
('Problemas para comprender la estructura musical', 'El empleado debe mejorar su conocimiento en teoría musical', 9),
('Baja comprensión de la literatura clásica', 'El empleado necesita estudiar más sobre la literatura clásica', 10),
('Problemas con el análisis de datos ambientales', 'El empleado debe mejorar en la interpretación de datos ambientales', 11),
('Dificultades con la interpretación de resultados experimentales', 'El empleado debe practicar más en el análisis experimental', 12),
('No logra entender la lógica matemática', 'El empleado tiene dificultades con los conceptos de lógica formal', 13),
('Falta de contexto histórico para trabajos contemporáneos', 'El empleado debe estudiar más sobre la historia contemporánea', 14),
('Problemas con configuración de redes', 'El empleado necesita mejorar su capacidad para configurar redes de computadoras', 15),
('Dificultades con la planificación de proyectos arquitectónicos', 'El empleado debe mejorar en la planificación de proyectos arquitectónicos', 16),
('Lesiones en jugadores de fútbol', 'El empleado requiere estudios sobre tratamiento de lesiones deportivas', 17),
('Dificultades en la comprensión del derecho penal', 'El empleado debe estudiar más a fondo el código penal', 18),
('Dificultades con el desarrollo de metodologías educativas', 'El empleado debe mejorar en la creación de métodos educativos', 19),
('Falta de conocimiento práctico sobre derecho', 'El empleado necesita más experiencia práctica en derecho penal', 20);

INSERT INTO Solucion (problemaId, fecha, rutaDocumentacion) VALUES
(1, '2025-02-23 10:00:00', '/documentos/solucion_programacion.pdf'),
(2, '2025-02-23 10:10:00', '/documentos/solucion_historia.pdf'),
(3, '2025-02-23 10:20:00', '/documentos/solucion_calculo.pdf'),
(4, '2025-02-23 10:30:00', '/documentos/solucion_mecanica.pdf'),
(5, '2025-02-23 10:40:00', '/documentos/solucion_laboratorio.pdf'),
(6, '2025-02-23 10:50:00', '/documentos/solucion_genetica.pdf'),
(7, '2025-02-23 11:00:00', '/documentos/solucion_economia.pdf'),
(8, '2025-02-23 11:10:00', '/documentos/solucion_psicologia.pdf'),
(9, '2025-02-23 11:20:00', '/documentos/solucion_musica.pdf'),
(10, '2025-02-23 11:30:00', '/documentos/solucion_literatura.pdf'),
(11, '2025-02-23 11:40:00', '/documentos/solucion_ambiental.pdf'),
(12, '2025-02-23 11:50:00', '/documentos/solucion_fisica.pdf'),
(13, '2025-02-23 12:00:00', '/documentos/solucion_logica.pdf'),
(14, '2025-02-23 12:10:00', '/documentos/solucion_cultura.pdf'),
(15, '2025-02-23 12:20:00', '/documentos/solucion_deportes.pdf'),
(16, '2025-02-23 12:30:00', '/documentos/solucion_redes.pdf'),
(17, '2025-02-23 12:40:00', '/documentos/solucion_arquitectura.pdf'),
(18, '2025-02-23 12:50:00', '/documentos/solucion_derecho.pdf'),
(19, '2025-02-23 13:00:00', '/documentos/solucion_educacion.pdf'),
(20, '2025-02-23 13:10:00', '/documentos/solucion_legal.pdf');

INSERT INTO Autor (personaId, solucionId) VALUES
(1, 1),
(2, 2),
(3, 3),
(4, 4),
(5, 5),
(6, 6),
(7, 7),
(8, 8),
(9, 9),
(10, 10),
(11, 11),
(12, 12),
(13, 13),
(14, 14),
(15, 15),
(16, 16),
(17, 17),
(18, 18),
(19, 19),
(20, 20);

